ì˙ït,ç≈ëÂé˘óv(MW)
2025/1/1,483
2025/1/2,476
2025/1/3,493
2025/1/4,491
2025/1/5,482
2025/1/6,550
2025/1/7,514
2025/1/8,552
2025/1/9,554
2025/1/10,524
2025/1/11,496
2025/1/12,472
2025/1/13,477
2025/1/14,541
2025/1/15,539
2025/1/16,521
2025/1/17,617
2025/1/18,511
2025/1/19,485
2025/1/20,533
2025/1/21,509
2025/1/22,527
2025/1/23,528
2025/1/24,535
2025/1/25,469
2025/1/26,464
2025/1/27,496
2025/1/28,511
2025/1/29,508
2025/1/30,535
2025/1/31,559
2025/2/1,487
2025/2/2,480
2025/2/3,532
2025/2/4,524
2025/2/5,536
2025/2/6,547
2025/2/7,522
2025/2/8,479
2025/2/9,473
2025/2/10,520
2025/2/11,479
2025/2/12,507
2025/2/13,516
2025/2/14,516
2025/2/15,482
2025/2/16,479
2025/2/17,519
2025/2/18,523
2025/2/19,550
2025/2/20,496
2025/2/21,537
2025/2/22,488
2025/2/23,473
2025/2/24,467
2025/2/25,493
2025/2/26,479
2025/2/27,499
2025/2/28,460
2025/3/1,424
2025/3/2,449
2025/3/3,508
2025/3/4,502
2025/3/5,528
2025/3/6,522
2025/3/7,535
2025/3/8,470
2025/3/9,432
2025/3/10,469
2025/3/11,450
2025/3/12,435
2025/3/13,487
2025/3/14,536
2025/3/15,465
2025/3/16,457
2025/3/17,514
2025/3/18,539
2025/3/19,570
2025/3/20,455
2025/3/21,502
2025/3/22,448
2025/3/23,433
2025/3/24,447
2025/3/25,486
2025/3/26,536
2025/3/27,447
2025/3/28,477
2025/3/29,393
2025/3/30,407
2025/3/31,475
2025/4/1,465
2025/4/2,448
2025/4/3,453
2025/4/4,439
2025/4/5,404
2025/4/6,396
2025/4/7,448
2025/4/8,451
2025/4/9,468
2025/4/10,452
2025/4/11,421
2025/4/12,466
2025/4/13,392
2025/4/14,435
2025/4/15,439
2025/4/16,515
2025/4/17,517
2025/4/18,519
2025/4/19,446
2025/4/20,383
2025/4/21,477
2025/4/22,500
2025/4/23,439
2025/4/24,520
2025/4/25,460
2025/4/26,403
2025/4/27,355
2025/4/28,471
2025/4/29,392
2025/4/30,514
2025/5/1,461
2025/5/2,415
2025/5/3,335
2025/5/4,322
2025/5/5,355
2025/5/6,347
2025/5/7,383
2025/5/8,521
2025/5/9,445
2025/5/10,365
2025/5/11,348
2025/5/12,500
2025/5/13,545
2025/5/14,425
2025/5/15,503
2025/5/16,481
2025/5/17,385
2025/5/18,367
2025/5/19,463
2025/5/20,400
2025/5/21,457
2025/5/22,371
2025/5/23,443
2025/5/24,338
2025/5/25,363
2025/5/26,438
2025/5/27,458
2025/5/28,464
2025/5/29,505
2025/5/30,442
2025/5/31,378
2025/6/1,369
2025/6/2,479
2025/6/3,401
2025/6/4,415
2025/6/5,464
2025/6/6,485
2025/6/7,437
2025/6/8,460
2025/6/9,479
2025/6/10,456
2025/6/11,399
2025/6/12,468
2025/6/13,478
2025/6/14,418
2025/6/15,354
2025/6/16,423
2025/6/17,427
2025/6/18,462
2025/6/19,464
2025/6/20,468
2025/6/21,400
2025/6/22,383
2025/6/23,494
2025/6/24,496
2025/6/25,487
2025/6/26,445
2025/6/27,451
2025/6/28,508
2025/6/29,426
2025/6/30,465
2025/7/1,482
2025/7/2,433
2025/7/3,460
2025/7/4,456
2025/7/5,448
2025/7/6,444
2025/7/7,501
2025/7/8,507
2025/7/9,470
2025/7/10,438
2025/7/11,400
2025/7/12,383
2025/7/13,380
2025/7/14,462
2025/7/15,473
2025/7/16,449
2025/7/17,511
2025/7/18,498
2025/7/19,417
2025/7/20,418
2025/7/21,441
2025/7/22,534
2025/7/23,537
2025/7/24,554
2025/7/25,559
2025/7/26,415
2025/7/27,389
2025/7/28,480
2025/7/29,480
2025/7/30,503
2025/7/31,478
2025/8/1,506
2025/8/2,440
2025/8/3,429
2025/8/4,491
2025/8/5,490
2025/8/6,506
2025/8/7,476
2025/8/8,441
2025/8/9,409
2025/8/10,393
2025/8/11,428
2025/8/12,445
2025/8/13,446
2025/8/14,402
2025/8/15,427
2025/8/16,422
2025/8/17,416
2025/8/18,464
2025/8/19,450
2025/8/20,477
2025/8/21,470
2025/8/22,452
2025/8/23,420
2025/8/24,405
2025/8/25,461
2025/8/26,472
2025/8/27,495
2025/8/28,469
2025/8/29,442
2025/8/30,381
2025/8/31,398
2025/9/1,465
2025/9/2,441
2025/9/3,505
2025/9/4,465
2025/9/5,451
2025/9/6,422
2025/9/7,403
2025/9/8,444
2025/9/9,422
2025/9/10,447
2025/9/11,434
2025/9/12,437
2025/9/13,372
2025/9/14,369
2025/9/15,394
2025/9/16,514
2025/9/17,424
2025/9/18,417
2025/9/19,475
2025/9/20,384
2025/9/21,354
2025/9/22,433
2025/9/23,379
2025/9/24,415
2025/9/25,412
2025/9/26,440
2025/9/27,392
2025/9/28,369
2025/9/29,391
2025/9/30,419
2025/10/1,390
2025/10/2,459
2025/10/3,468
2025/10/4,456
2025/10/5,384
2025/10/6,439
2025/10/7,423
2025/10/8,408
2025/10/9,436
2025/10/10,426
2025/10/11,407
2025/10/12,401
2025/10/13,410
2025/10/14,422
2025/10/15,405
2025/10/16,438
2025/10/17,432
2025/10/18,380
2025/10/19,370
2025/10/20,423
2025/10/21,413
2025/10/22,433
2025/10/23,425
2025/10/24,444
2025/10/25,412
2025/10/26,381
2025/10/27,431
2025/10/28,460
2025/10/29,434
2025/10/30,436
2025/10/31,437
2025/11/1,426
2025/11/2,407
2025/11/3,418
2025/11/4,481
2025/11/5,457
2025/11/6,457
2025/11/7,469
2025/11/8,451
2025/11/9,407
2025/11/10,434
2025/11/11,497
2025/11/12,481
2025/11/13,486
2025/11/14,461
2025/11/15,471
2025/11/16,423
2025/11/17,458
2025/11/18,549
2025/11/19,503
2025/11/20,496
2025/11/21,473
2025/11/22,429
2025/11/23,384
2025/11/24,408
2025/11/25,454
2025/11/26,470
2025/11/27,496
2025/11/28,486
2025/11/29,443
2025/11/30,428
2025/12/1,516
2025/12/2,480
2025/12/3,488
2025/12/4,529
2025/12/5,557
2025/12/6,436
2025/12/7,409
2025/12/8,494
2025/12/9,498
2025/12/10,535
2025/12/11,556
2025/12/12,564
2025/12/13,509
2025/12/14,518
2025/12/15,541
2025/12/16,518
2025/12/17,524
2025/12/18,542
2025/12/19,502
2025/12/20,483
2025/12/21,457
2025/12/22,510
2025/12/23,526
2025/12/24,548
2025/12/25,530
2025/12/26,525
2025/12/27,490
2025/12/28,469
2025/12/29,473
2025/12/30,446
2025/12/31,465
